{
  "categories_list": {
    "featured": [
      "/anel/?Anel",
      "/brincos/?Brincos ",
      "/colar/?Colar ",
      "/colecoes/?Coleções ",
      "/outlet/?Outlet ",
      "/conjunto/?Conjunto ",
      "/pulseiras/?Pulseiras "
    ],
    "random": 8,
    "full_width": true
  },
  "centralized_logo": false,
  "marketing_stripe": {
    "text": "Aproveite nossos descontos de até 50%!",
    "link": "",
    "background": "#874344",
    "color": "#ffffff"
  },
  "alphabetical_order_submenu": false,
  "popup": "",
  "search_input": true,
  "desktop_megamenu": true,
  "full_width_submenu": false,
  "contacts_stripe": {
    "pages": [],
    "phone_wpp": true,
    "socials": true
  }
}