{
  "meta_title": "",
  "meta_description": " outlet queima de estoque ",
  "sections": [
    {
      "type": "info-bar",
      "enabled": true
    },
    {
      "type": "responsive-banner",
      "img": "/img/uploads/banner-para-site-promoc-a-o-black-friday-neon.png",
      "link": "https://www.madrediva.com/colar/",
      "mobile_img": "/img/uploads/banner-para-site-promoc-a-o-black-friday-neon.png"
    },
    {
      "type": "responsive-banner",
      "img": "/img/uploads/image-9f.jpeg",
      "link": "https://www.madrediva.com/colar-ver-todos/",
      "mobile_img": "/img/uploads/image-9f.jpeg"
    },
    {
      "type": "responsive-banner",
      "img": "/img/uploads/brincos-1-.jpeg",
      "mobile_img": "/img/uploads/brincos-1-.jpeg",
      "link": "https://www.madrediva.com/brinco-ver-todos/"
    },
    {
      "type": "responsive-banner",
      "img": "/img/uploads/subcabec-alho-2.jpeg",
      "link": "https://www.madrediva.com/conjunto/",
      "mobile_img": "/img/uploads/subcabec-alho-2.jpeg"
    },
    {
      "type": "responsive-banner",
      "img": "/img/uploads/aneis.jpeg",
      "mobile_img": "/img/uploads/aneis.jpeg",
      "link": "https://www.madrediva.com/anel/"
    },
    {
      "type": "responsive-banner",
      "img": "/img/uploads/image-8f.jpeg",
      "mobile_img": "/img/uploads/image-8f.jpeg",
      "link": "https://www.madrediva.com/pulseiras/"
    },
    {
      "type": "collection-shelf",
      "shuffle": true,
      "limit": 12,
      "page": 1,
      "collection_id": null,
      "sort": "sales"
    },
    {
      "type": "collection-shelf",
      "shuffle": true,
      "limit": 12,
      "page": "",
      "collection_id": "64b884195e606903706b5bce:categories:Conjunto :/conjunto/",
      "headless": false,
      "sort": null
    },
    {
      "type": "custom-html",
      "html": "<script src=\"https://www.sowecms.com/demos/InstagramFeed/dist/InstagramFeed.min.js\"></script>\n<div id=\"instagram-feed\" class=\"instagram_feed\"></div>\n<script>\n    (function(){\n        new InstagramFeed({\n            'username': 'madre_diva',\n            'container': document.getElementById(\"instagram-feed\"),\n            'display_profile': false,\n            'display_biography': false,\n            'display_igtv': false,\n            'display_gallery': true,\n            'get_raw_json': false,\n            'callback': null,\n            'styling': true,\n            'items': 6,\n            'items_per_row': 6,\n            'margin': 1\n        });\n    })();\n</script>"
    }
  ]
}